{
  "model_path": "/content/drive/MyDrive/VOZVISIBLEAPP/SIGN-AI/data/processed/models/final_correct_model.h5",
  "scaler_path": "/content/drive/MyDrive/VOZVISIBLEAPP/SIGN-AI/data/processed/training_data/scaler_optimized.pkl",
  "label_encoder_path": "/content/drive/MyDrive/VOZVISIBLEAPP/SIGN-AI/data/processed/training_data/label_encoder.pkl",
  "feature_info_path": "/content/drive/MyDrive/VOZVISIBLEAPP/SIGN-AI/data/processed/training_data/feature_info.json",
  "status": "OPTIMIZED_AND_READY",
  "accuracy": "98.75%",
  "timestamp": "2025-09-19T02:34:06.101710",
  "model_info": {
    "model_name": "Dense_Simple",
    "n_classes": 30,
    "n_features": 258,
    "class_names": [
      "Adiós",
      "Agua",
      "Amigo",
      "Beber",
      "Casa",
      "Colegio",
      "Comer",
      "Cuando",
      "Cuánto",
      "Dónde",
      "Estudiar",
      "Familia",
      "Feliz",
      "Gracias",
      "Hola",
      "Hospital",
      "Madre",
      "Niño",
      "No",
      "Padre",
      "Perdón",
      "Por favor",
      "Que",
      "Quien",
      "Si",
      "Todos",
      "Trabajo",
      "Triste",
      "Tu",
      "Yo"
    ],
    "feature_columns": [
      "pose_0",
      "pose_1",
      "pose_2",
      "pose_3",
      "pose_4",
      "pose_5",
      "pose_6",
      "pose_7",
      "pose_8",
      "pose_9",
      "pose_10",
      "pose_11",
      "pose_12",
      "pose_13",
      "pose_14",
      "pose_15",
      "pose_16",
      "pose_17",
      "pose_18",
      "pose_19",
      "pose_20",
      "pose_21",
      "pose_22",
      "pose_23",
      "pose_24",
      "pose_25",
      "pose_26",
      "pose_27",
      "pose_28",
      "pose_29",
      "pose_30",
      "pose_31",
      "pose_32",
      "pose_33",
      "pose_34",
      "pose_35",
      "pose_36",
      "pose_37",
      "pose_38",
      "pose_39",
      "pose_40",
      "pose_41",
      "pose_42",
      "pose_43",
      "pose_44",
      "pose_45",
      "pose_46",
      "pose_47",
      "pose_48",
      "pose_49",
      "pose_50",
      "pose_51",
      "pose_52",
      "pose_53",
      "pose_54",
      "pose_55",
      "pose_56",
      "pose_57",
      "pose_58",
      "pose_59",
      "pose_60",
      "pose_61",
      "pose_62",
      "pose_63",
      "pose_64",
      "pose_65",
      "pose_66",
      "pose_67",
      "pose_68",
      "pose_69",
      "pose_70",
      "pose_71",
      "pose_72",
      "pose_73",
      "pose_74",
      "pose_75",
      "pose_76",
      "pose_77",
      "pose_78",
      "pose_79",
      "pose_80",
      "pose_81",
      "pose_82",
      "pose_83",
      "pose_84",
      "pose_85",
      "pose_86",
      "pose_87",
      "pose_88",
      "pose_89",
      "pose_90",
      "pose_91",
      "pose_92",
      "pose_93",
      "pose_94",
      "pose_95",
      "pose_96",
      "pose_97",
      "pose_98",
      "pose_99",
      "pose_100",
      "pose_101",
      "pose_102",
      "pose_103",
      "pose_104",
      "pose_105",
      "pose_106",
      "pose_107",
      "pose_108",
      "pose_109",
      "pose_110",
      "pose_111",
      "pose_112",
      "pose_113",
      "pose_114",
      "pose_115",
      "pose_116",
      "pose_117",
      "pose_118",
      "pose_119",
      "pose_120",
      "pose_121",
      "pose_122",
      "pose_123",
      "pose_124",
      "pose_125",
      "pose_126",
      "pose_127",
      "pose_128",
      "pose_129",
      "pose_130",
      "pose_131",
      "right_hand_0",
      "right_hand_1",
      "right_hand_2",
      "right_hand_3",
      "right_hand_4",
      "right_hand_5",
      "right_hand_6",
      "right_hand_7",
      "right_hand_8",
      "right_hand_9",
      "right_hand_10",
      "right_hand_11",
      "right_hand_12",
      "right_hand_13",
      "right_hand_14",
      "right_hand_15",
      "right_hand_16",
      "right_hand_17",
      "right_hand_18",
      "right_hand_19",
      "right_hand_20",
      "right_hand_21",
      "right_hand_22",
      "right_hand_23",
      "right_hand_24",
      "right_hand_25",
      "right_hand_26",
      "right_hand_27",
      "right_hand_28",
      "right_hand_29",
      "right_hand_30",
      "right_hand_31",
      "right_hand_32",
      "right_hand_33",
      "right_hand_34",
      "right_hand_35",
      "right_hand_36",
      "right_hand_37",
      "right_hand_38",
      "right_hand_39",
      "right_hand_40",
      "right_hand_41",
      "right_hand_42",
      "right_hand_43",
      "right_hand_44",
      "right_hand_45",
      "right_hand_46",
      "right_hand_47",
      "right_hand_48",
      "right_hand_49",
      "right_hand_50",
      "right_hand_51",
      "right_hand_52",
      "right_hand_53",
      "right_hand_54",
      "right_hand_55",
      "right_hand_56",
      "right_hand_57",
      "right_hand_58",
      "right_hand_59",
      "right_hand_60",
      "right_hand_61",
      "right_hand_62",
      "left_hand_0",
      "left_hand_1",
      "left_hand_2",
      "left_hand_3",
      "left_hand_4",
      "left_hand_5",
      "left_hand_6",
      "left_hand_7",
      "left_hand_8",
      "left_hand_9",
      "left_hand_10",
      "left_hand_11",
      "left_hand_12",
      "left_hand_13",
      "left_hand_14",
      "left_hand_15",
      "left_hand_16",
      "left_hand_17",
      "left_hand_18",
      "left_hand_19",
      "left_hand_20",
      "left_hand_21",
      "left_hand_22",
      "left_hand_23",
      "left_hand_24",
      "left_hand_25",
      "left_hand_26",
      "left_hand_27",
      "left_hand_28",
      "left_hand_29",
      "left_hand_30",
      "left_hand_31",
      "left_hand_32",
      "left_hand_33",
      "left_hand_34",
      "left_hand_35",
      "left_hand_36",
      "left_hand_37",
      "left_hand_38",
      "left_hand_39",
      "left_hand_40",
      "left_hand_41",
      "left_hand_42",
      "left_hand_43",
      "left_hand_44",
      "left_hand_45",
      "left_hand_46",
      "left_hand_47",
      "left_hand_48",
      "left_hand_49",
      "left_hand_50",
      "left_hand_51",
      "left_hand_52",
      "left_hand_53",
      "left_hand_54",
      "left_hand_55",
      "left_hand_56",
      "left_hand_57",
      "left_hand_58",
      "left_hand_59",
      "left_hand_60",
      "left_hand_61",
      "left_hand_62"
    ]
  }
}